/*
Navicat MySQL Data Transfer

Source Server         : localhost
Source Server Version : 50720
Source Host           : localhost:3306
Source Database       : ucp

Target Server Type    : MYSQL
Target Server Version : 50720
File Encoding         : 65001

Date: 2022-02-24 11:51:37
*/

SET FOREIGN_KEY_CHECKS=0;

-- ----------------------------
-- Table structure for `tb_account`
-- ----------------------------
DROP TABLE IF EXISTS `tb_account`;
CREATE TABLE `tb_account` (
  `id` int(11) NOT NULL AUTO_INCREMENT,
  `name` varchar(20) NOT NULL,
  `balance` float DEFAULT NULL,
  PRIMARY KEY (`id`)
) ENGINE=InnoDB AUTO_INCREMENT=3 DEFAULT CHARSET=utf8;

-- ----------------------------
-- Records of tb_account
-- ----------------------------
INSERT INTO `tb_account` VALUES ('1', 'andy', '200');
INSERT INTO `tb_account` VALUES ('2', 'lucy', '200');

-- ----------------------------
-- Table structure for `tb_admin`
-- ----------------------------
DROP TABLE IF EXISTS `tb_admin`;
CREATE TABLE `tb_admin` (
  `id` bigint(20) NOT NULL,
  `admin_name` varchar(30) DEFAULT NULL COMMENT '用户名',
  `admin_password` varchar(128) DEFAULT NULL COMMENT '密码',
  `admin_nickname` varchar(30) DEFAULT NULL,
  `admin_mobile_phone` varchar(20) DEFAULT NULL COMMENT '手机号码',
  `update_time` datetime DEFAULT NULL COMMENT '更新时间',
  `admin_email` varchar(128) DEFAULT NULL COMMENT '邮箱',
  `admin_state` smallint(6) DEFAULT NULL COMMENT '状态：正常、禁用，对应java的枚举类型',
  `role_id` bigint(20) unsigned NOT NULL,
  `create_time` datetime DEFAULT NULL COMMENT '创建时间',
  PRIMARY KEY (`id`)
) ENGINE=InnoDB DEFAULT CHARSET=utf8;

-- ----------------------------
-- Records of tb_admin
-- ----------------------------
INSERT INTO `tb_admin` VALUES ('1631694462743', 'admin-zy', 'e10adc3949ba59abbe56e057f20f883e', '系统管理员', '18215626820', '2021-09-13 16:28:48', '185964885@qq.com', '1', '1631692579832', '2021-09-13 16:28:48');

-- ----------------------------
-- Table structure for `tb_corpus`
-- ----------------------------
DROP TABLE IF EXISTS `tb_corpus`;
CREATE TABLE `tb_corpus` (
  `id` bigint(20) NOT NULL,
  `content` varchar(255) DEFAULT '' COMMENT '内容',
  `content_md5` varchar(66) DEFAULT NULL COMMENT '去掉标点符号和空格生成的md5码，用于比对',
  `catgory` smallint(6) DEFAULT NULL COMMENT '语料种类',
  `donate_id` bigint(20) DEFAULT NULL COMMENT '上传人id',
  `create_time` datetime DEFAULT NULL,
  `update_time` datetime DEFAULT NULL,
  PRIMARY KEY (`id`)
) ENGINE=InnoDB DEFAULT CHARSET=utf8;

-- ----------------------------
-- Records of tb_corpus
-- ----------------------------
INSERT INTO `tb_corpus` VALUES ('1640440948320', '我是檐上三寸雪，你是人间惊鸿客', '835d5f7871c7b4e017aa369ca33eab74', '2', '1635164214642', '2021-12-25 22:02:28', '2021-12-25 22:02:28');
INSERT INTO `tb_corpus` VALUES ('1640440948328', '城南小陌又逢春，只见梅花不见人', '219f56d76f676a6cf38f80eeda9eefa1', '2', '1635164253049', '2021-12-25 22:02:28', '2021-12-25 22:02:28');
INSERT INTO `tb_corpus` VALUES ('1640440948343', '本是青灯不归客，却因浊酒恋红尘', '57c03610d76c35031bcc488afeec36d9', '2', '1635164214642', '2021-12-25 22:02:28', '2021-12-25 22:02:28');
INSERT INTO `tb_corpus` VALUES ('1641214471164', '何时杖尔看南雪，我与梅花两白头', '7951c13dc12a445fb0b330c0408af584', '2', '1635164214642', '2022-01-03 20:54:31', '2022-01-03 20:54:31');
INSERT INTO `tb_corpus` VALUES ('1641216849717', '二两桃花酿做酒，万杯不及你温柔', '752c76419cf410b863e3f234293317f4', '2', '1635164253049', '2022-01-03 21:34:09', '2022-01-03 21:34:09');
INSERT INTO `tb_corpus` VALUES ('1641217033068', '三里春风三里路，步步清风再无你', '89820ad13570f5c37785275c022a0a30', '2', '1635164214642', '2022-01-03 21:37:13', '2022-01-03 21:37:13');
INSERT INTO `tb_corpus` VALUES ('1641610539035', '何时杖尔看南雪，我与梅花两白头，寒灯纸上 梨花雨凉，我等风雪又一年。', 'c8a215b32dee7dd9704f1e8717f7a35c', '2', '1635164214642', '2022-01-08 10:55:39', '2022-01-08 10:55:39');
INSERT INTO `tb_corpus` VALUES ('1641610597641', '大病初愈，久别重逢，如约而至，失而复得，虚惊一场，不期而遇，未来可期。', '8ee4ab8cf3e01f619c860ac5cae52599', '0', '1635164214642', '2022-01-08 10:56:37', '2022-01-08 10:56:37');
INSERT INTO `tb_corpus` VALUES ('1641610616936', '每个人都睁着眼睛，但不等于每个人都在看世界。', '66257c4efe8739c4f84a7deaa8533211', '1', '1635164214642', '2022-01-08 10:56:56', '2022-01-08 10:56:56');
INSERT INTO `tb_corpus` VALUES ('1641611046426', '你在路上随便碰到了一个路人，都是别人做梦都想见到的人。', '95ae1d473f35d71b32a93d09bb04c791', '1', '1635164253049', '2022-01-08 11:04:06', '2022-01-08 11:04:06');
INSERT INTO `tb_corpus` VALUES ('1641611675788', '我在贩卖日落，你像神明一样，慷慨的将光洒向我，从此人间被照亮。', 'fb9fe860d963e0a98d6f4dbcae1e71d9', '1', '1635164214642', '2022-01-08 11:14:35', '2022-01-08 11:14:35');
INSERT INTO `tb_corpus` VALUES ('1641611779502', '人的一生，注定会遇到两个人，一个惊艳时光，一个温柔的岁月。', 'a1b1923b8ec1430c67c05e8cdf5d6a11', '1', '1635164214642', '2022-01-08 11:16:19', '2022-01-08 11:16:19');
INSERT INTO `tb_corpus` VALUES ('1641611845952', '世间所有的相遇，都是久别重逢。', '5aea7723004ffa79625c0d99d8d6f6e8', '1', '1635164253049', '2022-01-08 11:17:25', '2022-01-08 11:17:25');
INSERT INTO `tb_corpus` VALUES ('1641612106365', '每个人的裂痕最后都会变成故事的花纹。', 'df4aa3ade943e7c0dec063fcf2c48d01', '1', '1635164214642', '2022-01-08 11:21:46', '2022-01-08 11:21:46');
INSERT INTO `tb_corpus` VALUES ('1641612155812', '生活难免落俗，但浪漫不死。', 'b045d121cdf4f9be2d19ec87eca24e18', '1', '1635164214642', '2022-01-08 11:22:35', '2022-01-08 11:22:35');
INSERT INTO `tb_corpus` VALUES ('1641612175588', '傍晚微风轻拂落日黄昏，你笑起来的时候，真像好天气 。', '0179a6940098887317629f20ededefa7', '1', '1635164214642', '2022-01-08 11:22:55', '2022-01-08 11:22:55');
INSERT INTO `tb_corpus` VALUES ('1641612212708', '或许，终究我们会有那么一天，牵着别人的手，遗忘曾经的他。', '8195460791d2813ef38cbcabe8e7524a', '1', '1635164253049', '2022-01-08 11:23:32', '2022-01-08 11:23:32');
INSERT INTO `tb_corpus` VALUES ('1641612221675', '春来夏往，秋收冬藏，我们来日方长。', '4b99a25347b3a859bf7564cc77ac701c', '1', '1635164214642', '2022-01-08 11:23:41', '2022-01-08 11:23:41');
INSERT INTO `tb_corpus` VALUES ('1641612265732', '我知道那天是最后一次见面，所以我盛装而来。', 'fe5bac9b8a0067f40b8216de808ff762', '1', '1635164214642', '2022-01-08 11:24:25', '2022-01-08 11:24:25');
INSERT INTO `tb_corpus` VALUES ('1641612274132', '很抱歉，风吹走了我的等待。', 'd1a91ea42b9f0ab9df88505dc4da72ef', '1', '1635164214642', '2022-01-08 11:24:34', '2022-01-08 11:24:34');
INSERT INTO `tb_corpus` VALUES ('1641612660135', '要是那天，我回下头就好了。', '2d2b77f568c12f2d69b7c41a239fa9e8', '1', '1635164253049', '2022-01-08 11:31:00', '2022-01-08 11:31:00');
INSERT INTO `tb_corpus` VALUES ('1641612670110', '不要再傻笑了，我知道你没有那么开心。', '52bf1f952407aa1133ec225328714a72', '1', '1635164214642', '2022-01-08 11:31:10', '2022-01-08 11:31:10');
INSERT INTO `tb_corpus` VALUES ('1641612680806', '把你归还人海，我也走了。', '50629509baac0892d2197e7758926b11', '1', '1635164214642', '2022-01-08 11:31:20', '2022-01-08 11:31:20');
INSERT INTO `tb_corpus` VALUES ('1641612736366', '你我暮年，闲坐庭院，云卷云舒听雨声，星密星疏赏月影，花开花落忆江南，你话往时，我画往事。', 'e33eac3afe5c03baa38306defea65053', '1', '1635164253049', '2022-01-08 11:32:16', '2022-01-08 11:32:16');
INSERT INTO `tb_corpus` VALUES ('1641612753022', '你来时携风带雨，我无处可避；你走时乱了四季，我久病难医。', 'f1c64b5d200a679dc7802dcb22a993e0', '1', '1635164214642', '2022-01-08 11:32:33', '2022-01-08 11:32:33');
INSERT INTO `tb_corpus` VALUES ('1641613057159', '青衫烟雨客，似是故人来，南风知我意，吹梦到西洲。', 'e701594a727b0fa4c067e9b5de7f8675', '2', '1635164214642', '2022-01-08 11:37:37', '2022-01-08 11:37:37');
INSERT INTO `tb_corpus` VALUES ('1641613068291', '山有木兮木有枝，心悦君兮君不知，玲珑骰子安红豆，入骨相思知不知？', '55d0adf4c7a48547524cd956a3f1b7e0', '2', '1635164253049', '2022-01-08 11:37:48', '2022-01-08 11:37:48');
INSERT INTO `tb_corpus` VALUES ('1641613082633', '你本就是天上角色，属于璀璨星河。我又何必总约你看人间烟火，满目山河。', 'f661a14345b5016154d2b19f3b2664b0', '1', '1635164214642', '2022-01-08 11:38:02', '2022-01-08 11:38:02');
INSERT INTO `tb_corpus` VALUES ('1641613098231', '叶落知秋风渐凉，岁月如梭常忆往，繁花似锦觅安宁，淡云流水度此生。', 'fa32a147816152014c89fb75d9675df0', '1', '1635164214642', '2022-01-08 11:38:18', '2022-01-08 11:38:18');
INSERT INTO `tb_corpus` VALUES ('1641613114191', '醉后不知天在水 ，满船清梦压星河。', 'ee9ac34d6451d01893ebc4760fd9018c', '2', '1635164253049', '2022-01-08 11:38:34', '2022-01-08 11:38:34');
INSERT INTO `tb_corpus` VALUES ('1641613124848', '愿我如星君如月，夜夜流光向皎洁。', 'f637524c2557c9c08c37e3345df8c981', '2', '1635164214642', '2022-01-08 11:38:44', '2022-01-08 11:38:44');
INSERT INTO `tb_corpus` VALUES ('1641613140057', '初闻不知曲中意，再听已是曲中人。', '1ceb6bfdfdcf9c29767621ab0c01b92b', '2', '1635164214642', '2022-01-08 11:39:00', '2022-01-08 11:39:00');
INSERT INTO `tb_corpus` VALUES ('1641613156182', '现知词意唯落泪，不减当年陪孤人。', '069e370438369ea25535953254554957', '2', '1635164214642', '2022-01-08 11:39:16', '2022-01-08 11:39:16');
INSERT INTO `tb_corpus` VALUES ('1641613174087', '卿本佳人奈何缘尽，贪得一场镜花水月，终得一场曲终人散。', '60b41bec9e40af4dfafed1588b112b84', '2', '1635164214642', '2022-01-08 11:39:34', '2022-01-08 11:39:34');
INSERT INTO `tb_corpus` VALUES ('1641613183495', '忽有故人心上过，回首山河已是秋，两处相思同淋雪，此生也算共白头。', '1cabfefe7abba6c3f103f1ccdf77cbed', '2', '1635164214642', '2022-01-08 11:39:43', '2022-01-08 11:39:43');
INSERT INTO `tb_corpus` VALUES ('1641613230696', '海水梦悠悠，君愁我亦愁。南风知我意，吹梦到西洲。', '497eaa2fe8ac1bd72de4695e1187f6e6', '2', '1635164214642', '2022-01-08 11:40:30', '2022-01-08 11:40:30');
INSERT INTO `tb_corpus` VALUES ('1641613239615', '沧海月明珠有泪，蓝田日暖玉生烟。此情可待成追忆，只是当时已惘然。', '2351e9286f8ba094759fbed7ed14d251', '2', '1635164214642', '2022-01-08 11:40:39', '2022-01-08 11:40:39');
INSERT INTO `tb_corpus` VALUES ('1641613255262', '锦瑟无端五十弦 ，一弦一柱思华年。', '6ebab9ec6d69b92e22d82327e2303f28', '2', '1635164214642', '2022-01-08 11:40:55', '2022-01-08 11:40:55');
INSERT INTO `tb_corpus` VALUES ('1641613285070', '清风以北过南巷，南巷故人不知归。', '4a674002ed18bfb091583171645692e6', '2', '1635164214642', '2022-01-08 11:41:25', '2022-01-08 11:41:25');
INSERT INTO `tb_corpus` VALUES ('1641613292216', '你本无意穿堂风，偏偏孤倨引山洪。', '7cd7eda4360755fbb85848bb10820420', '2', '1635164214642', '2022-01-08 11:41:32', '2022-01-08 11:41:32');
INSERT INTO `tb_corpus` VALUES ('1641613300446', '何时仗尔看南雪，我与梅花两白头。', '23591909dab0596144659416f10449f4', '2', '1635164214642', '2022-01-08 11:41:40', '2022-01-08 11:41:40');
INSERT INTO `tb_corpus` VALUES ('1641613372336', '青瓦长忆旧时雨，朱伞深巷无故人。', '10a908f32399c89d3990646d89bdf758', '2', '1635164214642', '2022-01-08 11:42:52', '2022-01-08 11:42:52');
INSERT INTO `tb_corpus` VALUES ('1641613384054', '春秋轮回几度，世事沧桑无数，回首灯火阑珊，依旧天涯陌路。', '1c925efce8cd89f47cf9f8e51ee59e3a', '2', '1635164214642', '2022-01-08 11:43:04', '2022-01-08 11:43:04');
INSERT INTO `tb_corpus` VALUES ('1641613397518', '我本将心向明月，奈何明月照沟渠。', '3fae1601e99dbfe854d4a23fcee7ada0', '2', '1635164214642', '2022-01-08 11:43:17', '2022-01-08 11:43:17');
INSERT INTO `tb_corpus` VALUES ('1641613411310', '终有弱水替沧海，再把相思寄巫山。', 'fc86e9632cad1ee8cf8f6346578fc70f', '2', '1635164214642', '2022-01-08 11:43:31', '2022-01-08 11:43:31');
INSERT INTO `tb_corpus` VALUES ('1641613422821', '三里清风三里路，步步清风再无你。', 'f5079f9468bc6536a64d075a064340ad', '2', '1635164214642', '2022-01-08 11:43:42', '2022-01-08 11:43:42');
INSERT INTO `tb_corpus` VALUES ('1641613440534', '山鸟与鱼不同路，从此山水不相逢。', '22e1d2a113072cc09a0f651b564a08a0', '2', '1635164214642', '2022-01-08 11:44:00', '2022-01-08 11:44:00');
INSERT INTO `tb_corpus` VALUES ('1641613473782', '终是庄周梦了蝶，你是恩赐也是劫。', '4d96762169ab4049cb5ae5d5bf1a80c6', '2', '1635164214642', '2022-01-08 11:44:33', '2022-01-08 11:44:33');
INSERT INTO `tb_corpus` VALUES ('1641613487158', '逢人不必言深，孤独本是常态，倘若深情被辜负，余生孤独又何妨！', 'ce3f02aed3fe027e7b81317f34a16bd1', '2', '1635164214642', '2022-01-08 11:44:47', '2022-01-08 11:44:47');
INSERT INTO `tb_corpus` VALUES ('1641613536973', '初入红尘，不知人间疾苦，蓦然回首，已是苦中之人。', 'e403e1c0e24d6e19df8d947a1e3ccec8', '1', '1635164214642', '2022-01-08 11:45:36', '2022-01-08 11:45:36');
INSERT INTO `tb_corpus` VALUES ('1641613546717', '这杯中酒三分，这酒中悲七分，关关难过关关过，夜夜难熬夜夜熬。', '6755256aa39e4957e384fc97717b1d1d', '1', '1635164214642', '2022-01-08 11:45:46', '2022-01-08 11:45:46');
INSERT INTO `tb_corpus` VALUES ('1641613562430', '愿这世间，爱恨情仇尽融于酒，且将这风尘做酒，一饮消愁。', '4ebc01596dd75bec0036d60e6fdab31a', '1', '1635164214642', '2022-01-08 11:46:02', '2022-01-08 11:46:02');
INSERT INTO `tb_corpus` VALUES ('1641613575862', '男儿不展风云志，空负天生八尺躯。', '724f286459512a29985528cb438636d5', '2', '1635164214642', '2022-01-08 11:46:15', '2022-01-08 11:46:15');
INSERT INTO `tb_corpus` VALUES ('1641613586941', '纵我心红如铁，也难融你千尺冰寒。', '492194b8770b737e6d29a29fd2141cd0', '2', '1635164214642', '2022-01-08 11:46:26', '2022-01-08 11:46:26');
INSERT INTO `tb_corpus` VALUES ('1641613599010', '一世浮生一刹那，一程山水一年花。', 'c66e66fece003357dfb6e28f254a0825', '2', '1635164214642', '2022-01-08 11:46:39', '2022-01-08 11:46:39');
INSERT INTO `tb_corpus` VALUES ('1641613610928', '星空不问赶路人，岁月不负有心人。', '20a4a56276923ec84537d67441b7ec2e', '2', '1635164214642', '2022-01-08 11:46:50', '2022-01-08 11:46:50');
INSERT INTO `tb_corpus` VALUES ('1641613681582', '半生风雨半身寒，一壶浊酒敬流年。', '4195ab6a158d997206bb0e61033c3856', '2', '1635164214642', '2022-01-08 11:48:01', '2022-01-08 11:48:01');
INSERT INTO `tb_corpus` VALUES ('1641613692096', '回首过往半生路，七分酸楚三分甜。', '3a67442200dce8d0638476ea0e10c3d4', '2', '1635164214642', '2022-01-08 11:48:12', '2022-01-08 11:48:12');
INSERT INTO `tb_corpus` VALUES ('1641613706373', '日出东方催人醒，不及晚霞懂我心。', 'dba91c427e1ffedc229344f19ba24469', '2', '1635164214642', '2022-01-08 11:48:26', '2022-01-08 11:48:26');
INSERT INTO `tb_corpus` VALUES ('1641613717837', '辞别再无相见日，终是一人度春秋。', '20da65e06933c4c9af28783a819827eb', '2', '1635164214642', '2022-01-08 11:48:37', '2022-01-08 11:48:37');
INSERT INTO `tb_corpus` VALUES ('1641613726316', '一壶老酒入我喉，笑看人生苦与愁。', '63fd584e811dc03ec2852216c0d19ea8', '2', '1635164214642', '2022-01-08 11:48:46', '2022-01-08 11:48:46');
INSERT INTO `tb_corpus` VALUES ('1641613735044', '苦茶浊酒长相伴，不惧岁月染白头。', 'd7c901fd3df4e30a510001ce9cb527af', '2', '1635164214642', '2022-01-08 11:48:55', '2022-01-08 11:48:55');
INSERT INTO `tb_corpus` VALUES ('1641613745309', '人生自是有情痴，此恨不关风与月。', '992b519593c6f4f4dc450cc2307cdbc1', '2', '1635164214642', '2022-01-08 11:49:05', '2022-01-08 11:49:05');
INSERT INTO `tb_corpus` VALUES ('1641613759877', '人生不在初相逢，洗尽铅华也从容。', 'e97db19cc1ed4c268071fa42d57d1471', '2', '1635164214642', '2022-01-08 11:49:19', '2022-01-08 11:49:19');
INSERT INTO `tb_corpus` VALUES ('1641613778037', '浮世万千，吾爱有三，日月与卿，日为朝，月为暮，卿为朝朝暮暮。', '007863857582c81306431b9d8d6781d2', '2', '1635164214642', '2022-01-08 11:49:38', '2022-01-08 11:49:38');
INSERT INTO `tb_corpus` VALUES ('1641613840334', '浮世万千，不得有三，水中月，镜中花，梦中你，月可摘，花可得，唯你可遇不可求。', 'cade6d4df034fef2125845f457a4eae1', '2', '1635164214642', '2022-01-08 11:50:40', '2022-01-08 11:50:40');
INSERT INTO `tb_corpus` VALUES ('1641613855466', '这一生啊，终是多情自古空余恨，好梦由来最易醒，辞别再无相见日，终是一人度春秋。', '998a85259d4edfc69a9d1e0964d529e1', '1', '1635164214642', '2022-01-08 11:50:55', '2022-01-08 11:50:55');
INSERT INTO `tb_corpus` VALUES ('1641613881972', '半生轻狂半身伤，昔年本是少年郎，回首半生两行泪，一壶煮酒断心肠，何人少年不轻狂，一身疲惫一人扛。', 'f12650d9bd3d72f133492db5ee805600', '1', '1635164214642', '2022-01-08 11:51:21', '2022-01-08 11:51:21');
INSERT INTO `tb_corpus` VALUES ('1641645817048', '待我了无牵挂，从此归隐天涯。深山老屋为家，远离都市繁华。', '126556bbdc73467ec952da9a05f4aa1e', '2', '1635164214642', '2022-01-08 20:43:37', '2022-01-08 20:43:37');
INSERT INTO `tb_corpus` VALUES ('1641645830077', '错把陈醋当成墨，写尽半生纸上酸。', '7d7c8e421bd936d1f7005dd402c35c9b', '2', '1635164214642', '2022-01-08 20:43:50', '2022-01-08 20:43:50');
INSERT INTO `tb_corpus` VALUES ('1641645845524', '我有一壶酒，足矣慰风尘。千杯不解饮，万杯苦尘沦。埋骨厚国土，肝胆两昆仑。疏狂君莫笑，赤子中国人。', 'eff5ece1c19a365a8d60729df00f07d4', '2', '1635164214642', '2022-01-08 20:44:05', '2022-01-08 20:44:05');
INSERT INTO `tb_corpus` VALUES ('1641645854981', '区区一壶酒，何以慰风尘。醉眼四处看，皆为梦中人。小儿少年狂，怎敢醒世人。傍身无碎银，哪敢入红尘。', '3673a832c6b45d210f8cfe1132a82c33', '2', '1635164214642', '2022-01-08 20:44:14', '2022-01-08 20:44:14');
INSERT INTO `tb_corpus` VALUES ('1641645870844', '若是白头雪可替，世上何来苦心人。', '30955d9db96d12dfbf70bd81ef06a66a', '2', '1635164214642', '2022-01-08 20:44:30', '2022-01-08 20:44:30');
INSERT INTO `tb_corpus` VALUES ('1641645984302', '半生风雨半生寒，一杯浊酒敬流年。', '5da6907ba591fb6f74ba800ed495aa5a', '2', '1635164214642', '2022-01-08 20:46:24', '2022-01-08 20:46:24');
INSERT INTO `tb_corpus` VALUES ('1641646160997', '人间烟火气，最抚凡人心。', 'a34ccf3adf515f4128ecee2bf220f39c', '2', '1635164214642', '2022-01-08 20:49:20', '2022-01-08 20:49:20');
INSERT INTO `tb_corpus` VALUES ('1641646180403', '其实一路走来，每一个季节都有残缺，每一个故事都有暗伤。', 'df20c3acad1d45333575f07726e071e1', '1', '1635164214642', '2022-01-08 20:49:40', '2022-01-08 20:49:40');
INSERT INTO `tb_corpus` VALUES ('1641646190468', '早知惊鸿一场，何必情深一往。', 'a53b6969cd360674e86214e7de29f8ba', '2', '1635164214642', '2022-01-08 20:49:50', '2022-01-08 20:49:50');
INSERT INTO `tb_corpus` VALUES ('1641646222956', '你是我的心头一热，也是我的不动声色。', '6aaa3e4fff86e3249717991858173550', '1', '1635164214642', '2022-01-08 20:50:22', '2022-01-08 20:50:22');
INSERT INTO `tb_corpus` VALUES ('1641646258260', '你是我终生求医不得的隐疾，始于一见钟情，终于挫骨扬灰。', 'bcc20ec0a7c0e1cfd2536e714652cb0d', '1', '1635164214642', '2022-01-08 20:50:58', '2022-01-08 20:50:58');
INSERT INTO `tb_corpus` VALUES ('1641646277188', '万般故事，不过情伤；易水人去，明月如霜。', '7b9667aa1d1b8cd3a1c54783e66b60c0', '2', '1635164214642', '2022-01-08 20:51:17', '2022-01-08 20:51:17');
INSERT INTO `tb_corpus` VALUES ('1641646292412', '你遮我半世离殇，我为你倾尽一生又有何妨。', 'a94a53be5b92cf1acaa333bacbe74812', '2', '1635164214642', '2022-01-08 20:51:32', '2022-01-08 20:51:32');
INSERT INTO `tb_corpus` VALUES ('1641646308916', '忽有故人心上过，回首山河已是秋。', '920b14f55bace3ad95c0c1eeaf4625c3', '2', '1635164214642', '2022-01-08 20:51:48', '2022-01-08 20:51:48');
INSERT INTO `tb_corpus` VALUES ('1641646327403', '雾里看花，究竟是谁苍老了等待。楼台望月，到底望不到地老天荒。', 'eb52b1346cc5730ecc8f828c2d6a3727', '2', '1635164214642', '2022-01-08 20:52:07', '2022-01-08 20:52:07');
INSERT INTO `tb_corpus` VALUES ('1641646338548', '愿君携得佳偶归，琴瑟和鸣燕双飞。', 'eb918cdac8a5c1b85158b40785c6ec8e', '2', '1635164214642', '2022-01-08 20:52:18', '2022-01-08 20:52:18');
INSERT INTO `tb_corpus` VALUES ('1641646419565', '海上月是天上月，眼前人是心上人。', 'f93a3ecd106a7811a3840239502a162b', '2', '1635164214642', '2022-01-08 20:53:39', '2022-01-08 20:53:39');
INSERT INTO `tb_corpus` VALUES ('1641646429373', '轻风随云朝与暮，只等佳人一回顾。', '4b723ca34ddfe0492108f3a9959f9a34', '2', '1635164214642', '2022-01-08 20:53:49', '2022-01-08 20:53:49');
INSERT INTO `tb_corpus` VALUES ('1641646439188', '待我君临天下，许你四海为家。', '9afc1fed81a2f177d265829804cd717e', '2', '1635164214642', '2022-01-08 20:53:59', '2022-01-08 20:53:59');
INSERT INTO `tb_corpus` VALUES ('1641646448204', '待我了无牵挂，许你浪迹天涯。', '9a2e2295f6c4578174e2ddcbabdf0744', '2', '1635164214642', '2022-01-08 20:54:08', '2022-01-08 20:54:08');
INSERT INTO `tb_corpus` VALUES ('1641646457355', '待我半生戎马，许你共话桑麻。', '6a5e0fc817c466e2a663f48d9bfa3f0f', '2', '1635164214642', '2022-01-08 20:54:17', '2022-01-08 20:54:17');
INSERT INTO `tb_corpus` VALUES ('1641646512475', '待我功成名达，许你花前月下。', '85d02547133483dc3b2f8eb0a82dc2d5', '2', '1635164214642', '2022-01-08 20:55:12', '2022-01-08 20:55:12');
INSERT INTO `tb_corpus` VALUES ('1641646518627', '待我弦断音垮，许你青丝白发。', '575e84d62d7fcdfe65cfd69d89759a30', '2', '1635164214642', '2022-01-08 20:55:18', '2022-01-08 20:55:18');
INSERT INTO `tb_corpus` VALUES ('1641646525140', '待我名满华夏，许你当歌纵马。', 'a8c14dc8af1e2d95f7ee8dbbb5e97991', '2', '1635164214642', '2022-01-08 20:55:25', '2022-01-08 20:55:25');
INSERT INTO `tb_corpus` VALUES ('1641646578723', '待我不再有她，许你粗茶淡饭。', 'd2c476e94b49b7e6753a44c474be5584', '2', '1635164214642', '2022-01-08 20:56:18', '2022-01-08 20:56:18');
INSERT INTO `tb_corpus` VALUES ('1641646581459', '待我高头大马，许你嫁衣红霞。', '260e157eebfd5eed35bb34a63b2d7a27', '2', '1635164214642', '2022-01-08 20:56:21', '2022-01-08 20:56:21');
INSERT INTO `tb_corpus` VALUES ('1641646589588', '待我荣华富贵，许你十里桃花。', '143ebf2aba1f1df040885568c4f62b22', '2', '1635164214642', '2022-01-08 20:56:29', '2022-01-08 20:56:29');
INSERT INTO `tb_corpus` VALUES ('1641646598035', '待我一身袈裟，许你相思放下。', '5b196219c8504d403dc979e927534f39', '2', '1635164214642', '2022-01-08 20:56:38', '2022-01-08 20:56:38');
INSERT INTO `tb_corpus` VALUES ('1641646613203', '愿你三冬暖，愿你春不寒。', '8c9cf8c735109094618517ffe0e76963', '2', '1635164214642', '2022-01-08 20:56:53', '2022-01-08 20:56:53');
INSERT INTO `tb_corpus` VALUES ('1641646619419', '愿你天黑有灯，下雨有伞。', '785e4f4f3c91126714ea22a80218c734', '2', '1635164214642', '2022-01-08 20:56:59', '2022-01-08 20:56:59');
INSERT INTO `tb_corpus` VALUES ('1641646626411', '看尽晨曦与日暮，饮罢腰间酒一壶。', 'aa33161372cfdd35c156ac3c0b03f378', '2', '1635164214642', '2022-01-08 20:57:06', '2022-01-08 20:57:06');
INSERT INTO `tb_corpus` VALUES ('1641646638476', '雨中潇洒走一回，去释放心底的罗曼蒂克。', '3b3cf2ec3a2518fd7dbbb712515a6a93', '2', '1635164214642', '2022-01-08 20:57:18', '2022-01-08 20:57:18');
INSERT INTO `tb_corpus` VALUES ('1641646661116', '捧一把阳光，温暖一季的心情。', 'ca9620bd035b5e69ce9c5fe40ae4c7aa', '1', '1635164214642', '2022-01-08 20:57:41', '2022-01-08 20:57:41');
INSERT INTO `tb_corpus` VALUES ('1641646670507', '采一点晨曦，装点一天的清新。', '11571c7886223d55a21f0ccadf550b92', '1', '1635164214642', '2022-01-08 20:57:50', '2022-01-08 20:57:50');
INSERT INTO `tb_corpus` VALUES ('1641646705371', '越过山丘，才发现有你在等候。', 'dfaab07cd05c78a0a4dd9427a5e74383', '1', '1635164214642', '2022-01-08 20:58:25', '2022-01-08 20:58:25');
INSERT INTO `tb_corpus` VALUES ('1641646730931', '黑夜有灯，雨天有伞，偶尔想念，时常庆幸。', '58e3e235fc0b22e6181e9378bf041c9e', '1', '1635164214642', '2022-01-08 20:58:50', '2022-01-08 20:58:50');
INSERT INTO `tb_corpus` VALUES ('1641646738426', '人生就像一场旅行,不要在乎目的地，在乎的只是沿途的风景以及看风景的心情。', '7fe62aceb372648c50aaff97ffdcbf43', '1', '1635164214642', '2022-01-08 20:58:58', '2022-01-08 20:58:58');
INSERT INTO `tb_corpus` VALUES ('1641646747114', '生活如酒，或芳香，或浓烈，或馥郁。', '5bcf2739f5d3c085aca73519ccc75739', '1', '1635164214642', '2022-01-08 20:59:07', '2022-01-08 20:59:07');
INSERT INTO `tb_corpus` VALUES ('1641646825245', '时间从来不语，却回答了所有问题；岁月从来不言，却鉴证了所有真心。', '13878c5ffc941b596647743090dfa255', '1', '1635164214642', '2022-01-08 21:00:25', '2022-01-08 21:00:25');
INSERT INTO `tb_corpus` VALUES ('1641646835363', '人生如茶，不会苦一辈子，但会苦一阵子。', '4ef35096c6fd5a3e84c0a9d67bd99ff2', '1', '1635164214642', '2022-01-08 21:00:35', '2022-01-08 21:00:35');
INSERT INTO `tb_corpus` VALUES ('1641646843491', '韶华易逝，岁月倥偬，时间如白驹过隙。', '1c5f9ed7b2db726daae146c2d7978b97', '1', '1635164214642', '2022-01-08 21:00:43', '2022-01-08 21:00:43');
INSERT INTO `tb_corpus` VALUES ('1641646850955', '不是年少守不住旧情，而是岁月慌了人心。', '99c000b5dfc821d7cda4be8ca2bf30ad', '1', '1635164214642', '2022-01-08 21:00:50', '2022-01-08 21:00:50');
INSERT INTO `tb_corpus` VALUES ('1641646857999', '情深一往，终不是人走茶凉。', 'fe93c9b9b71a909acc53639414658b78', '1', '1635164214642', '2022-01-08 21:00:58', '2022-01-08 21:00:58');
INSERT INTO `tb_corpus` VALUES ('1641646864955', '酒因不品而淡,人因不惜而散。', '986c04627b12b6842ecb5d16c726c315', '1', '1635164214642', '2022-01-08 21:01:04', '2022-01-08 21:01:04');
INSERT INTO `tb_corpus` VALUES ('1641646883651', '不知不觉已是秋，忙忙碌碌又一年。', '2e3af605bcd28c8d46e105890768f9d1', '1', '1635164214642', '2022-01-08 21:01:23', '2022-01-08 21:01:23');
INSERT INTO `tb_corpus` VALUES ('1641646937500', '酒杯太浅，敬不到来日方长；巷子太短，走不到白发苍苍。', 'f9bb9f3cc3af6961f43a1826fc66762e', '1', '1635164214642', '2022-01-08 21:02:17', '2022-01-08 21:02:17');
INSERT INTO `tb_corpus` VALUES ('1641646951899', '时光太瘦，指缝太宽，不经意的一瞥，已隔经年。', '94fc7c051d05d31c4584b46e38437f99', '1', '1635164214642', '2022-01-08 21:02:31', '2022-01-08 21:02:31');
INSERT INTO `tb_corpus` VALUES ('1641646969915', '时光太短，守不住人世繁华。香烟太短，燃不烬尘世悲欢。', 'afd0db758cdf3b6d60105d569d30bb8c', '1', '1635164214642', '2022-01-08 21:02:49', '2022-01-08 21:02:49');
INSERT INTO `tb_corpus` VALUES ('1641646994035', '人生无完美，曲折亦风景。', '1929deff28819f0bdb304361ba1e0dfd', '1', '1635164214642', '2022-01-08 21:03:14', '2022-01-08 21:03:14');
INSERT INTO `tb_corpus` VALUES ('1641647004290', '生活不只眼前的苟且，还有诗和远方。', '70893525312af9f3b1086494c96eaa70', '1', '1635164214642', '2022-01-08 21:03:24', '2022-01-08 21:03:24');
INSERT INTO `tb_corpus` VALUES ('1641647012579', '用我三生烟火，换你一世迷离。', 'd55c29b8a02d90cee09d338587652053', '1', '1635164214642', '2022-01-08 21:03:32', '2022-01-08 21:03:32');
INSERT INTO `tb_corpus` VALUES ('1641647076523', '南风知我意，吹梦到西洲。', '349fb413fba886b2f9ef1ca4bc41f808', '2', '1635164214642', '2022-01-08 21:04:36', '2022-01-08 21:04:36');
INSERT INTO `tb_corpus` VALUES ('1641647081724', '知道流星为什么划走得那么快吗？因为她根本不知道你的愿望。', 'ae2de5d5c39c74bfbe39991cb40097d7', '1', '1635164214642', '2022-01-08 21:04:41', '2022-01-08 21:04:41');
INSERT INTO `tb_corpus` VALUES ('1641647106210', '秋天藏着很多心思，叶不语，风却懂。', 'b41d0b2fb7d24b434731b9a3f6b9b997', '1', '1635164214642', '2022-01-08 21:05:06', '2022-01-08 21:05:06');
INSERT INTO `tb_corpus` VALUES ('1641647120635', '你把愿望喂给鸽子，跟着云飞向了远方。', 'bc893c7d1ef0e80de8bc05fd52f43bec', '1', '1635164214642', '2022-01-08 21:05:20', '2022-01-08 21:05:20');
INSERT INTO `tb_corpus` VALUES ('1641647127711', '落叶飘在湖面上睡着了。', '5ea4a39821e6aafc84f49de6b7045e9f', '1', '1635164214642', '2022-01-08 21:05:27', '2022-01-08 21:05:27');
INSERT INTO `tb_corpus` VALUES ('1641647167530', '我对蝉说，他日再见，要等来年；蝉对我说，他日重逢，要等来生。', '4dbc1ad145f99869000045abca06024b', '1', '1635164214642', '2022-01-08 21:06:07', '2022-01-08 21:06:07');
INSERT INTO `tb_corpus` VALUES ('1641647177234', '生活中的阳光，一部分来自太阳，一部分来自内心。', 'cc75d05077bc623b155711740273c81a', '1', '1635164214642', '2022-01-08 21:06:17', '2022-01-08 21:06:17');
INSERT INTO `tb_corpus` VALUES ('1641647186019', '岁月不堪数，故人不如初。', '86c7bc37c9b43f347faa692c19581efc', '1', '1635164214642', '2022-01-08 21:06:26', '2022-01-08 21:06:26');
INSERT INTO `tb_corpus` VALUES ('1641647198298', '心若没有栖息的地方，到哪里都是流浪。', '2a86d9055f592dd464d0d15a382535da', '1', '1635164214642', '2022-01-08 21:06:38', '2022-01-08 21:06:38');
INSERT INTO `tb_corpus` VALUES ('1641647209962', '花若没有目的地的开放，沿途都是风景。', 'df8c73df90604bfbb2f50fe2441f98fa', '1', '1635164214642', '2022-01-08 21:06:49', '2022-01-08 21:06:49');
INSERT INTO `tb_corpus` VALUES ('1641647247427', '不期而遇的美景，毫无准备的岁月。', '676f96604b44e4c5706fc4673ded440b', '1', '1635164214642', '2022-01-08 21:07:27', '2022-01-08 21:07:27');
INSERT INTO `tb_corpus` VALUES ('1641647256242', '花知岁月短，竞相待初开。', '6f3bc34af38c8a2971f8b8f874b78d92', '2', '1635164214642', '2022-01-08 21:07:36', '2022-01-08 21:07:36');
INSERT INTO `tb_corpus` VALUES ('1641647267370', '你是风，在我这里掀起了万般波澜，却又跟着云去了远方。', '7e2ff2d68421b8824563518100139c17', '1', '1635164214642', '2022-01-08 21:07:47', '2022-01-08 21:07:47');
INSERT INTO `tb_corpus` VALUES ('1641647274890', '落叶知秋意，冷暖便自知。', '3c7d47672a6db007efcd8dc8c783efb1', '1', '1635164214642', '2022-01-08 21:07:54', '2022-01-08 21:07:54');
INSERT INTO `tb_corpus` VALUES ('1641647288322', '人生真正的幸福，不是灯火阑珊处的温暖，而是柴米油盐的充实。', '1e096509bb037a9b6c35ac5f5be218fb', '1', '1635164214642', '2022-01-08 21:08:08', '2022-01-08 21:08:08');
INSERT INTO `tb_corpus` VALUES ('1641647299906', '来生愿做一棵树，站成永恒，没有悲伤的姿势。', 'a4964aa4c1cdff0727e8725de55cc3af', '1', '1635164214642', '2022-01-08 21:08:19', '2022-01-08 21:08:19');
INSERT INTO `tb_corpus` VALUES ('1641647309450', '小时候我们词不达意，长大后我们言不由衷。', '6bb21c97aa03e4815005ed5130aa7b7d', '1', '1635164214642', '2022-01-08 21:08:29', '2022-01-08 21:08:29');
INSERT INTO `tb_corpus` VALUES ('1641647317746', '树叶那么信任风，风却把它吹落了。', 'e087ade818ffee82dd4e52a9b1fee933', '1', '1635164214642', '2022-01-08 21:08:37', '2022-01-08 21:08:37');
INSERT INTO `tb_corpus` VALUES ('1641647325337', '枫叶红透了脸，被万千思绪乱了心。', 'da7f5eba1cea50b6b12bcfb852f70ce2', '1', '1635164214642', '2022-01-08 21:08:45', '2022-01-08 21:08:45');
INSERT INTO `tb_corpus` VALUES ('1641647334546', '秋天从不觉得心凉，想抓住每片落叶留在身边。', 'c40b3fe459821cff30673aa40cce9e19', '1', '1635164214642', '2022-01-08 21:08:54', '2022-01-08 21:08:54');
INSERT INTO `tb_corpus` VALUES ('1641647742812', '越想敲的门，扣的声越轻。', '8e90cf8c81d8806a3ec01a7bb232d616', '1', '1635164214642', '2022-01-08 21:15:42', '2022-01-08 21:15:42');
INSERT INTO `tb_corpus` VALUES ('1641647753906', '孤独是关上灯与发光的灵魂为伴', '43e1cd850734ded3b994c6d601b7ea11', '1', '1635164214642', '2022-01-08 21:15:53', '2022-01-08 21:15:53');
INSERT INTO `tb_corpus` VALUES ('1641647784178', '若非心里有人，怎会暗里有光', '3980d7b556bc879c6c7b2fa83ba9eeef', '1', '1635164214642', '2022-01-08 21:16:24', '2022-01-08 21:16:24');
INSERT INTO `tb_corpus` VALUES ('1641647830658', '心若不动，风又奈何；你若不伤，岁月不恙。', '94c8165e768b9d306d21c1b85d6ec277', '1', '1635164214642', '2022-01-08 21:17:10', '2022-01-08 21:17:10');
INSERT INTO `tb_corpus` VALUES ('1641647844769', '曲未终，人已散;酒未醉，心已碎。', '8b3d4876c990ca013036ca25cb1cf829', '1', '1635164214642', '2022-01-08 21:17:24', '2022-01-08 21:17:24');
INSERT INTO `tb_corpus` VALUES ('1641647881626', '远方除了遥远一无所有。', 'e994952cfc207d6527c39a399deffc30', '1', '1635164214642', '2022-01-08 21:18:01', '2022-01-08 21:18:01');
INSERT INTO `tb_corpus` VALUES ('1641647892562', '阡陌红尘，飘落了谁的等待。', 'f174d3983a30fa5147fc8fb4a554d0b3', '1', '1635164214642', '2022-01-08 21:18:12', '2022-01-08 21:18:12');
INSERT INTO `tb_corpus` VALUES ('1641647903451', '剪一段，岁月的浅笑，在指尖雀跃。', 'f99c77a7d85ba854c469010ab70ebd3b', '1', '1635164214642', '2022-01-08 21:18:23', '2022-01-08 21:18:23');
INSERT INTO `tb_corpus` VALUES ('1641647912793', '岁月老了，缘分也早已不知去向。', '0074a7cc95e989c6a8db054825a42dc9', '1', '1635164214642', '2022-01-08 21:18:32', '2022-01-08 21:18:32');
INSERT INTO `tb_corpus` VALUES ('1641647925090', '江水奔流不息，倾诉的是自己澎湃的波涛。', '02ee0a919a91aa666999ebea6b7c2f5b', '1', '1635164214642', '2022-01-08 21:18:45', '2022-01-08 21:18:45');
INSERT INTO `tb_corpus` VALUES ('1641648135315', '当爱渐渐的走远，再怎么的卑微，也无法续写相爱时的柔情似水。', 'c5d9b128628d9c18733f634c34b99cd8', '1', '1635164214642', '2022-01-08 21:22:15', '2022-01-08 21:22:15');
INSERT INTO `tb_corpus` VALUES ('1641648178265', '光阴是贼，偷走了缘分的相遇，只剩下初见的回忆。', '88218251a565afda6c45eeb0cf43d782', '1', '1635164214642', '2022-01-08 21:22:58', '2022-01-08 21:22:58');
INSERT INTO `tb_corpus` VALUES ('1641648193954', '流年未央，与文字相伴，如同与自己相依。', '6c3f0c383b79702d25379af4d582f94f', '1', '1635164214642', '2022-01-08 21:23:13', '2022-01-08 21:23:13');
INSERT INTO `tb_corpus` VALUES ('1641648208538', '春雨骤至，用一种急促的节奏宣泄着深藏了一个冬季的眷恋。', '0ff1123ef17a1958e4751b63a73b9116', '1', '1635164214642', '2022-01-08 21:23:28', '2022-01-08 21:23:28');
INSERT INTO `tb_corpus` VALUES ('1641648225001', '一花一世界，一叶一追寻，一曲一场叹，一生为一人。', '4b05c6b2795ab1d5f3be73dce1e786d9', '1', '1635164214642', '2022-01-08 21:23:45', '2022-01-08 21:23:45');
INSERT INTO `tb_corpus` VALUES ('1641648253513', '孤单不是与生俱来，而是由你爱上一个人的那一刻开始。', '4a0a0b4b086ae9d806be4d6f4d3cc517', '1', '1635164214642', '2022-01-08 21:24:13', '2022-01-08 21:24:13');
INSERT INTO `tb_corpus` VALUES ('1641648268970', '人世间有百媚千红，唯独你是我情之所钟。', '86050143044aaa69de42c564e96964b9', '1', '1635164214642', '2022-01-08 21:24:28', '2022-01-08 21:24:28');
INSERT INTO `tb_corpus` VALUES ('1641648296497', '与其相见，不如怀念，不如随缘。', '2a321dd216d5ea61dac899061e0c63fa', '1', '1635164214642', '2022-01-08 21:24:56', '2022-01-08 21:24:56');
INSERT INTO `tb_corpus` VALUES ('1641648336945', '你是雨季的纸短情长，亦是心口的念念不忘。', '5e316c7292eb907eda85cb1fcf029a23', '1', '1635164214642', '2022-01-08 21:25:36', '2022-01-08 21:25:36');
INSERT INTO `tb_corpus` VALUES ('1641648407251', '你若化成风，我幻化成雨，守护你身边，一笑为红颜。', '46ba43f531300780235a6974d9edd3db', '6', '1635164214642', '2022-01-08 21:26:47', '2022-01-08 21:26:47');
INSERT INTO `tb_corpus` VALUES ('1641648432584', '山川载不动太多的悲哀，岁月经不起太长的等待。', '21653ec72cd83816db83f719b7d71028', '6', '1635164214642', '2022-01-08 21:27:12', '2022-01-08 21:27:12');
INSERT INTO `tb_corpus` VALUES ('1641648456177', '逝去的风化成繁星在黑夜，刻骨的情散落忘川在彼岸。', '676837ec158fb190db79033d586915b2', '1', '1635164214642', '2022-01-08 21:27:36', '2022-01-08 21:27:36');
INSERT INTO `tb_corpus` VALUES ('1641648486065', '愿你来时杏花春雨，暖雨晴风拂面，绵绵春雨吻过江南！', 'c0a33a271c1995c23423d9cfd8b80fef', '1', '1635164214642', '2022-01-08 21:28:06', '2022-01-08 21:28:06');
INSERT INTO `tb_corpus` VALUES ('1641648528210', '煎茶坐看梨门雨，情话是你，风景也是你。', '7ddebe51b1ff371d0ce7ddd26026f41d', '1', '1635164214642', '2022-01-08 21:28:48', '2022-01-08 21:28:48');
INSERT INTO `tb_corpus` VALUES ('1641648567825', '从此征途是你，归途是你，目之所及都是你。', 'f728ea1fc1ea1efc2a7c2b81c152417d', '1', '1635164214642', '2022-01-08 21:29:27', '2022-01-08 21:29:27');
INSERT INTO `tb_corpus` VALUES ('1641648579401', '阳光温热，岁月静好，你还不来，我怎敢老去。', 'a05dab0b1b58cd4ecee5ec80d129df2e', '1', '1635164214642', '2022-01-08 21:29:39', '2022-01-08 21:29:39');
INSERT INTO `tb_corpus` VALUES ('1641648633569', '一念花开，一念花落，这山长水远的人世，终究是要自己走下去。', 'a72a204b745c461332150aa7af78f536', '1', '1635164214642', '2022-01-08 21:30:33', '2022-01-08 21:30:33');
INSERT INTO `tb_corpus` VALUES ('1641648660449', '人生不过是一场旅行，你路过我，我路过你。然后，各自修行，各自向前，如此余生各自安好。', '1c777444ca54f31461f709020cadf9dc', '1', '1635164214642', '2022-01-08 21:31:00', '2022-01-08 21:31:00');
INSERT INTO `tb_corpus` VALUES ('1641648758226', '梦里无痕几回首，相思有情泪无价。欲相守难相忘，人各天涯愁断肠。', 'da5ddf46c44b25fe0bebf09156b7a8e5', '1', '1635164214642', '2022-01-08 21:32:38', '2022-01-08 21:32:38');
INSERT INTO `tb_corpus` VALUES ('1641648789977', '青梅竹马不是你，情窦初开不是你，只愿细水长流是你，柴米油盐是你，白首也是你。', 'd667294c965dcf202b86fe27c3f37639', '1', '1635164214642', '2022-01-08 21:33:09', '2022-01-08 21:33:09');
INSERT INTO `tb_corpus` VALUES ('1641648801848', '若没有人赠予你阳光，那就做自己的小太阳。', '3c901eabad07ea1df3575c55df2c02ed', '1', '1635164214642', '2022-01-08 21:33:21', '2022-01-08 21:33:21');
INSERT INTO `tb_corpus` VALUES ('1641648864845', '你是我平淡余生的不将就，也是我藏至心底的不可说。', 'fc05c20ed9f3cbc3cf2c14bfe9263875', '1', '1635164214642', '2022-01-08 21:34:24', '2022-01-08 21:34:24');
INSERT INTO `tb_corpus` VALUES ('1641648871860', '山河远阔，人间烟火，无一是你，无一不是你', '93ac13ec817c6f749f95b14b25d6de4a', '1', '1635164214642', '2022-01-08 21:34:31', '2022-01-08 21:34:31');
INSERT INTO `tb_corpus` VALUES ('1641648879352', '绵长光阴里，摘一缕初冬的暖阳，选一隅静谧，温一煮茶香，安然向暖。', '18278cfb5242104b8b5cd47ed8b9d8f7', '1', '1635164214642', '2022-01-08 21:34:39', '2022-01-08 21:34:39');
INSERT INTO `tb_corpus` VALUES ('1641648889720', '世界上最幸运的事莫过于，以我之姓，冠你之名。', 'ad30a60531a6fbf070c4fcf3c4202d19', '1', '1635164214642', '2022-01-08 21:34:49', '2022-01-08 21:34:49');
INSERT INTO `tb_corpus` VALUES ('1641648898705', '你看这万千世界，山川河流，日月星辉，哪儿都不如你。', '4da3a4db2e9245f7863cc5961d890a7d', '1', '1635164214642', '2022-01-08 21:34:58', '2022-01-08 21:34:58');
INSERT INTO `tb_corpus` VALUES ('1641648906816', '我一直在等待，等待花开，等待风起，等待你来。', '5fd246597318b1b100e2f13dbf852304', '1', '1635164214642', '2022-01-08 21:35:06', '2022-01-08 21:35:06');
INSERT INTO `tb_corpus` VALUES ('1641648914352', '如花美眷，也敌不过似水流年。', '4cd32df4b677a16cbfaf7c1fedc2c1d2', '1', '1635164214642', '2022-01-08 21:35:14', '2022-01-08 21:35:14');
INSERT INTO `tb_corpus` VALUES ('1641648922409', '忘川流年，似雨非烟。', 'c7adb46b4285ffda4117b6f3753be722', '1', '1635164214642', '2022-01-08 21:35:22', '2022-01-08 21:35:22');
INSERT INTO `tb_corpus` VALUES ('1641648940505', '流年静好，你我未老。', '8e50a93d5df6e14fb29bb0bf61ce35e2', '1', '1635164214642', '2022-01-08 21:35:40', '2022-01-08 21:35:40');
INSERT INTO `tb_corpus` VALUES ('1641648954168', '不负时光总总，只愿光阴依旧。', 'a3a5a446d980dcfe723038075b148bde', '1', '1635164214642', '2022-01-08 21:35:54', '2022-01-08 21:35:54');
INSERT INTO `tb_corpus` VALUES ('1641648965480', '愿君容颜旧，风华似当年。', '069d6338aa1a28b7e06ddb4a97ff07e9', '1', '1635164214642', '2022-01-08 21:36:05', '2022-01-08 21:36:05');
INSERT INTO `tb_corpus` VALUES ('1641648976233', '多少流年辗转，恰似昨日，一回头，物是人非。', 'e7300cc5a80fe0aa65afae343474d1fd', '1', '1635164214642', '2022-01-08 21:36:16', '2022-01-08 21:36:16');
INSERT INTO `tb_corpus` VALUES ('1641648990912', '执笔绘流年，千分墨，万层纸，一笺幽香，万千思绪。', '54ca47b7eaf3a0d7e8a9d8cc0ab77ff0', '1', '1635164214642', '2022-01-08 21:36:30', '2022-01-08 21:36:30');
INSERT INTO `tb_corpus` VALUES ('1641649013632', '经岁月，思流年，盼清浅，却无言。', '240511dbe09413a0712f4c3226c66fae', '1', '1635164214642', '2022-01-08 21:36:53', '2022-01-08 21:36:53');
INSERT INTO `tb_corpus` VALUES ('1641649022808', '天地之间，尽是似水流年。', 'fd7261bd1313f36c7f96a1bac5fd8ab4', '1', '1635164214642', '2022-01-08 21:37:02', '2022-01-08 21:37:02');
INSERT INTO `tb_corpus` VALUES ('1641649031984', '苍山洱海，诗和远方。', 'bdcb08071ecdbd861c0b431bec0fb12a', '1', '1635164214642', '2022-01-08 21:37:11', '2022-01-08 21:37:11');
INSERT INTO `tb_corpus` VALUES ('1641649045096', '岁月许我一生，我负一生岁月。', '7e7cfa84bfa4867115223bc7efc6dc53', '1', '1635164214642', '2022-01-08 21:37:25', '2022-01-08 21:37:25');
INSERT INTO `tb_corpus` VALUES ('1641649055761', '我如一见，你似流年。', 'ccc8b3a954a386bb3739ff85388ab2d4', '1', '1635164214642', '2022-01-08 21:37:35', '2022-01-08 21:37:35');
INSERT INTO `tb_corpus` VALUES ('1641649068968', '雨季的轩窗，朦胧了的目光，是谁的风景消失了在远方。', '4774070f1acd2d2f9ac93bff27069c3c', '1', '1635164214642', '2022-01-08 21:37:48', '2022-01-08 21:37:48');
INSERT INTO `tb_corpus` VALUES ('1641649077792', '写一封信，寄给流年！毕业了在这个奇妙的夏天。', '0d95ceada7f6f5e5b3da093367a35872', '1', '1635164214642', '2022-01-08 21:37:57', '2022-01-08 21:37:57');
INSERT INTO `tb_corpus` VALUES ('1641649115185', '烟花易冷，流年易逝。酒香易醉，初心易碎。', 'a640b6d68987112a0bd047c54ee0916d', '1', '1635164214642', '2022-01-08 21:38:35', '2022-01-08 21:38:35');
INSERT INTO `tb_corpus` VALUES ('1641649132232', '最美的不是下雨天，是曾与你躲过雨的屋檐。', '19cee092a97a2af2bd92e8da65a1ec25', '6', '1635164214642', '2022-01-08 21:38:52', '2022-01-08 21:38:52');
INSERT INTO `tb_corpus` VALUES ('1641649179762', '缺氧过后的爱情，粗心的眼泪显得多余。', '6614dce4edd01c485d0b93fb814c4b26', '6', '1635164214642', '2022-01-08 21:39:39', '2022-01-08 21:39:39');
INSERT INTO `tb_corpus` VALUES ('1641649215075', '得不到和放不下，是多少人的心魔。', 'ef2ff68bfe89379aef792c533583036c', '1', '1635164214642', '2022-01-08 21:40:15', '2022-01-08 21:40:15');
INSERT INTO `tb_corpus` VALUES ('1641649230888', '回忆中，总有些瞬间，能温暖整个曾经。', '2417c5f3f4cd43deb0f0c02f44ed0bd3', '1', '1635164214642', '2022-01-08 21:40:30', '2022-01-08 21:40:30');
INSERT INTO `tb_corpus` VALUES ('1641649241986', '我们离回忆太近，离自由太远。', 'dd42e193e5f2f022f78f8d7d5405d1a6', '1', '1635164214642', '2022-01-08 21:40:41', '2022-01-08 21:40:41');
INSERT INTO `tb_corpus` VALUES ('1641649354161', '回忆伤透了流年，流年刺痛了无奈的心。', '551cc7483d2032913b010ae5dfbb226a', '1', '1635164214642', '2022-01-08 21:42:34', '2022-01-08 21:42:34');
INSERT INTO `tb_corpus` VALUES ('1641649431057', '有时候念念不忘，只是爱上回忆。', '063f07a29a0da17e9b3eafe7dc792bab', '1', '1635164214642', '2022-01-08 21:43:51', '2022-01-08 21:43:51');
INSERT INTO `tb_corpus` VALUES ('1641649445063', '拼命想忘记的回忆，其实早已深入骨髓。', '932a8354b8ebab1d9252071da5347f24', '1', '1635164214642', '2022-01-08 21:44:05', '2022-01-08 21:44:05');
INSERT INTO `tb_corpus` VALUES ('1641649532611', '放下了过去，放不下的只是那些回忆。', '15a10f2b48724728ff37776f6679ffb5', '1', '1635164214642', '2022-01-08 21:45:32', '2022-01-08 21:45:32');
INSERT INTO `tb_corpus` VALUES ('1641649547345', '凉意慢慢湿透了我的回忆。', '2f2d65f1cb92971fac631ba5112f36a7', '1', '1635164214642', '2022-01-08 21:45:47', '2022-01-08 21:45:47');
INSERT INTO `tb_corpus` VALUES ('1641649558815', '我把你压缩在回忆里，却怎么也找不到解压的方式。', '5b4b8312c09a10352d0ddd1ab34c9a50', '1', '1635164214642', '2022-01-08 21:45:58', '2022-01-08 21:45:58');
INSERT INTO `tb_corpus` VALUES ('1641649573681', '如果剪掉头发可以剪掉回忆，那我剃成光头是不是就可以失忆。', '4129f5fc2fcba1514b8402f8899be2c9', '1', '1635164214642', '2022-01-08 21:46:13', '2022-01-08 21:46:13');
INSERT INTO `tb_corpus` VALUES ('1641649584168', '思念在躲避，却依然逃不过回忆。', '57bd518ab98a415fe7d810bf3af80bfd', '1', '1635164214642', '2022-01-08 21:46:24', '2022-01-08 21:46:24');
INSERT INTO `tb_corpus` VALUES ('1641649622096', '我与春风皆过客，你携秋水揽星河。', '124fc400d2695f04c74ec895a0ecaa25', '2', '1635164214642', '2022-01-08 21:47:02', '2022-01-08 21:47:02');
INSERT INTO `tb_corpus` VALUES ('1641649652056', '愿有岁月可回首，且以深情共白头。', 'a0c3404407725cbf465103d429ca980d', '2', '1635164214642', '2022-01-08 21:47:32', '2022-01-08 21:47:32');
INSERT INTO `tb_corpus` VALUES ('1641649660711', '三生有幸遇见你，纵使悲凉也是情。', '7e1179452614920922f1db778bb7fb6a', '2', '1635164214642', '2022-01-08 21:47:40', '2022-01-08 21:47:40');
INSERT INTO `tb_corpus` VALUES ('1641649672392', '即许一人以偏爱，愿尽余生之慷慨。', 'e44cf6eeb2832ed5b7bf8deaa6924949', '2', '1635164214642', '2022-01-08 21:47:52', '2022-01-08 21:47:52');
INSERT INTO `tb_corpus` VALUES ('1641649679399', '渐行渐远渐无书，水阔鱼沉无处问。', '8f65a887225cff231042a6acdf181c28', '2', '1635164214642', '2022-01-08 21:47:59', '2022-01-08 21:47:59');
INSERT INTO `tb_corpus` VALUES ('1641649696767', '城南以南不再蓝，北城以北不再美。', '613bae236738277a80f2d845eefaede7', '2', '1635164214642', '2022-01-08 21:48:16', '2022-01-08 21:48:16');
INSERT INTO `tb_corpus` VALUES ('1641649703524', '缘来缘去终会散，花开花败终归尘。', 'f831ae80fbbba522486ccffe52fa0627', '2', '1635164214642', '2022-01-08 21:48:23', '2022-01-08 21:48:23');
INSERT INTO `tb_corpus` VALUES ('1641649746000', '人生真正的幸福，不是灯火阑珊的温暖，而是柴米油盐的充实。', '427751b389bf077c6183b449ff3a431b', '2', '1635164214642', '2022-01-08 21:49:06', '2022-01-08 21:49:06');
INSERT INTO `tb_corpus` VALUES ('1641649759887', '酒杯太浅，敬不到来日方长。', '0d92e3f2e1c811262580fb293b2a80f6', '2', '1635164214642', '2022-01-08 21:49:19', '2022-01-08 21:49:19');
INSERT INTO `tb_corpus` VALUES ('1641649770200', '香烟太短，燃不尽尘世悲欢。', '988c3e16f0787e3c9dfa3b7653aae8e5', '2', '1635164214642', '2022-01-08 21:49:30', '2022-01-08 21:49:30');
INSERT INTO `tb_corpus` VALUES ('1641649781998', '巷子太短，走不到白发苍苍。', '139777e1a35f561fc6ec3000ac51c910', '2', '1635164214642', '2022-01-08 21:49:41', '2022-01-08 21:49:41');
INSERT INTO `tb_corpus` VALUES ('1641649840871', '时光太短，守不住人世繁华。', '824c4a433f4cd31d2adab1c17ef3281f', '2', '1635164214642', '2022-01-08 21:50:40', '2022-01-08 21:50:40');
INSERT INTO `tb_corpus` VALUES ('1641649851303', '不是年少守不住旧情，而是岁月慌乱了人心。', '3b4adf9919d56371b3307bfc7fad1346', '2', '1635164214642', '2022-01-08 21:50:51', '2022-01-08 21:50:51');
INSERT INTO `tb_corpus` VALUES ('1641649970240', '鱼那么信任水，水却把鱼给煮了； 树叶那么信任风，风却把它吹落了。', '17994775b58b9626e31fb43af5d0be20', '2', '1635164214642', '2022-01-08 21:52:50', '2022-01-08 21:52:50');

-- ----------------------------
-- Table structure for `tb_right`
-- ----------------------------
DROP TABLE IF EXISTS `tb_right`;
CREATE TABLE `tb_right` (
  `id` bigint(20) NOT NULL,
  `right_name` varchar(30) NOT NULL,
  `right_rule` varchar(128) NOT NULL,
  `description` varchar(128) DEFAULT NULL,
  `create_time` datetime DEFAULT NULL COMMENT '创建时间',
  `update_time` datetime DEFAULT NULL COMMENT '更新时间',
  PRIMARY KEY (`id`)
) ENGINE=InnoDB DEFAULT CHARSET=utf8;

-- ----------------------------
-- Records of tb_right
-- ----------------------------
INSERT INTO `tb_right` VALUES ('1631691997514', '系统管理', '/admin', '对系统所有功能拥有增删改查', '2021-09-13 16:28:48', '2021-09-13 16:28:48');
INSERT INTO `tb_right` VALUES ('1631693379969', '普通用户', '/', '只能对前台相关功能增删改查', '2021-09-13 16:28:48', '2021-09-13 16:28:48');

-- ----------------------------
-- Table structure for `tb_role`
-- ----------------------------
DROP TABLE IF EXISTS `tb_role`;
CREATE TABLE `tb_role` (
  `id` bigint(20) NOT NULL,
  `role_name` varchar(30) NOT NULL,
  `role_code` varchar(30) NOT NULL,
  `description` varchar(128) NOT NULL,
  `right_id` bigint(20) NOT NULL,
  `update_time` datetime DEFAULT NULL COMMENT '更新时间',
  `create_time` datetime DEFAULT NULL COMMENT '创建时间',
  PRIMARY KEY (`id`)
) ENGINE=InnoDB DEFAULT CHARSET=utf8;

-- ----------------------------
-- Records of tb_role
-- ----------------------------
INSERT INTO `tb_role` VALUES ('1631692579832', '超级管理员', 'administrator', '系统所有功能管理', '1631691997514', '2021-09-13 16:28:48', '2021-09-13 16:28:48');
INSERT INTO `tb_role` VALUES ('1631693611742', '普通用户', 'customer', '前台普通用户', '1631693379969', '2021-09-13 16:28:48', '2021-09-13 16:28:48');

-- ----------------------------
-- Table structure for `tb_user`
-- ----------------------------
DROP TABLE IF EXISTS `tb_user`;
CREATE TABLE `tb_user` (
  `id` bigint(20) NOT NULL COMMENT '用户Id',
  `user_name` varchar(30) DEFAULT NULL COMMENT '用户名',
  `user_password` varchar(128) DEFAULT NULL COMMENT '密码',
  `user_state` smallint(6) DEFAULT NULL COMMENT '状态：正常、禁用，对应java的枚举类型',
  `user_nickname` varchar(30) DEFAULT NULL COMMENT '昵称',
  `user_id_number` varchar(18) DEFAULT NULL COMMENT '身份证号号码',
  `user_realname` varchar(10) DEFAULT NULL COMMENT '真实姓名',
  `user_avatar` varchar(128) DEFAULT NULL COMMENT '头像',
  `user_birthday` date DEFAULT NULL COMMENT '生日',
  `user_gender` smallint(6) DEFAULT NULL COMMENT '性别，对应java的枚举类型',
  `user_mobile_phone` varchar(20) DEFAULT NULL COMMENT '手机号码',
  `user_email` varchar(128) DEFAULT NULL COMMENT '邮箱',
  `user_address` varchar(128) DEFAULT NULL,
  `user_slef_word` varchar(128) DEFAULT NULL COMMENT '个性签名',
  `create_time` datetime DEFAULT NULL COMMENT '创建时间',
  `update_time` datetime DEFAULT NULL COMMENT '更新时间',
  `role_id` bigint(20) NOT NULL,
  PRIMARY KEY (`id`),
  KEY `userName` (`user_name`) USING BTREE
) ENGINE=InnoDB DEFAULT CHARSET=utf8;

-- ----------------------------
-- Records of tb_user
-- ----------------------------
INSERT INTO `tb_user` VALUES ('1635164214642', 'zy', 'e10adc3949ba59abbe56e057f20f883e', '0', '易哥', '513002099105122554', '张三', 'default-head.png', '2021-10-28', '10', '18215626820', '185964885@qq.com', '成都市新津区', '当停下脚步发现这个世界竟然变得如此陌生', '2021-10-25 20:16:54', '2021-10-25 20:16:54', '1631693611742');
INSERT INTO `tb_user` VALUES ('1635164253049', 'zy1', 'e10adc3949ba59abbe56e057f20f883e', '1', '易哥', '513002099105122554', '张三', 'default-head.png', '2021-10-30', '10', '18215626821', '185964886@qq.com', '成都市新津区', '当停下脚步发现这个世界竟然变得如此陌生', '2021-10-25 20:17:33', '2021-10-25 20:17:33', '1631693611742');
INSERT INTO `tb_user` VALUES ('1635164287499', 'zy2', 'e10adc3949ba59abbe56e057f20f883e', '0', '易哥', '513002099105122554', '张三', 'default-head.png', '2021-10-30', '10', '18215626822', '185964887@qq.com', '成都市新津区', '当停下脚步发现这个世界竟然变得如此陌生', '2021-10-25 20:18:07', '2021-10-25 20:18:07', '1631693611742');
INSERT INTO `tb_user` VALUES ('1635164311473', 'zy3', 'e10adc3949ba59abbe56e057f20f883e', '1', '易哥', '513002099105122554', '张三', 'default-head.png', '2021-10-30', '10', '18215626823', '185964888@qq.com', '成都市新津区', '当停下脚步发现这个世界竟然变得如此陌生', '2021-10-25 20:18:31', '2021-10-25 20:18:31', '1631693611742');
INSERT INTO `tb_user` VALUES ('1635170357883', 'zy4', 'e10adc3949ba59abbe56e057f20f883e', '1', '易哥', '513002099105122554', '张三', 'default-head.png', '2021-10-30', '10', '18215626824', '185964889@qq.com', '成都市新津区', '当停下脚步发现这个世界竟然变得如此陌生', '2021-10-25 21:59:17', '2021-10-25 21:59:17', '1631693611742');
INSERT INTO `tb_user` VALUES ('1635170389139', 'zy5', 'e10adc3949ba59abbe56e057f20f883e', '1', '易哥', '513002099105122554', '张三', 'default-head.png', null, '10', '18215626825', '185964890@qq.com', '成都市新津区', '当停下脚步发现这个世界竟然变得如此陌生22222222222222222222', '2021-10-25 21:59:49', '2021-10-31 14:47:08', '1631693611742');
INSERT INTO `tb_user` VALUES ('1635599053697', 'zy6', 'e10adc3949ba59abbe56e057f20f883e', '1', '易哥6', '513002099105122554', '张三', 'default-head.png', null, '10', '18215626826', '185964891@qq.com', '成都市新津区', '111111111111111111111111111', '2021-10-30 21:04:13', '2021-10-31 14:45:17', '1631693611742');

-- ----------------------------
-- Table structure for `tb_works`
-- ----------------------------
DROP TABLE IF EXISTS `tb_works`;
CREATE TABLE `tb_works` (
  `id` bigint(20) NOT NULL COMMENT '作品Id',
  `content` varchar(255) DEFAULT NULL COMMENT '文字内容',
  `quote` varchar(255) CHARACTER SET utf8 COLLATE utf8_unicode_ci DEFAULT NULL COMMENT '引用：图片、视频等',
  `create_time` datetime DEFAULT NULL COMMENT '创建时间',
  `update_time` datetime DEFAULT NULL COMMENT '更新时间',
  `user_id` bigint(20) NOT NULL COMMENT '用户Id',
  `comment_id` bigint(20) DEFAULT NULL COMMENT '评论id',
  PRIMARY KEY (`id`,`user_id`)
) ENGINE=InnoDB DEFAULT CHARSET=utf8;

-- ----------------------------
-- Records of tb_works
-- ----------------------------
INSERT INTO `tb_works` VALUES ('1637724944489', '三生有幸遇见你，纵使悲凉也是情', 'default-works.png', '2021-11-24 11:35:44', '2021-11-24 11:35:44', '1635164214642', null);
INSERT INTO `tb_works` VALUES ('1641113882647', '我是檐上三寸雪，你是人间惊鸿客', 'default-works.png', '2022-01-02 16:58:02', '2022-01-02 16:58:02', '1635164214642', null);
INSERT INTO `tb_works` VALUES ('1641114097599', '城南小陌又逢春，只见梅花不见人', 'default-works.png', '2022-01-02 17:01:37', '2022-01-02 17:01:37', '1635164214642', null);
INSERT INTO `tb_works` VALUES ('1641114137550', '何时杖尔看南雪，我与梅花两白头', 'default-works.png', '2022-01-02 17:02:17', '2022-01-02 17:02:17', '1635164214642', null);
INSERT INTO `tb_works` VALUES ('1641114510251', '二两桃花酿做酒，万杯不及你温柔', 'default-works.png', '2022-01-02 17:08:30', '2022-01-02 17:08:30', '1635164214642', null);
INSERT INTO `tb_works` VALUES ('1641114523104', '三里春风三里路，步步清风再无你', 'default-works.png', '2022-01-02 17:08:43', '2022-01-02 17:08:43', '1635164214642', null);
INSERT INTO `tb_works` VALUES ('1641114523105', '清风以北过南巷，南巷故人不知归。', 'default-works.png', '2022-02-24 11:40:54', '2022-02-24 11:40:58', '1635164214642', null);
INSERT INTO `tb_works` VALUES ('1641114523106', '你本无意穿堂风，偏偏孤倨引山洪', 'default-works.png', '2022-02-24 11:42:32', '2022-02-24 11:42:34', '1635164214642', null);
INSERT INTO `tb_works` VALUES ('1641114523107', '何时仗尔看南雪，我与梅花两白头。', 'default-works.png', '2022-02-24 11:44:47', '2022-02-24 11:44:49', '1635164214642', null);
INSERT INTO `tb_works` VALUES ('1641114523108', '青瓦长忆旧时雨，朱伞深巷无故人。', 'default-works.png', '2022-02-24 11:45:37', '2022-02-24 11:45:40', '1635164214642', null);
INSERT INTO `tb_works` VALUES ('1641114523109', '山鸟与鱼不同路，从此山水不相逢。', 'default-works.png', '2022-02-24 11:46:38', '2022-02-24 11:46:41', '1635164214642', null);
INSERT INTO `tb_works` VALUES ('1641114523110', '终是庄周梦了蝶，你是恩赐也是劫。', 'default-works.png', '2022-02-24 11:48:43', '2022-02-24 11:48:45', '1635164214642', null);
INSERT INTO `tb_works` VALUES ('1641114523111', '半生风雨半身寒，一壶浊酒敬流年。', 'default-works.png', '2022-02-24 11:49:41', '2022-02-24 11:49:44', '1635164214642', null);
